"Id","Link","Make","Model","Trim","Year","Price","Mileage","L_Predicted_Price","L_Price_Gap_Percentage","R_Predicted_Price","R_Price_Gap_Percentage","Average_Year_per_Trim","Average_Milerange_per_Trim_Year_LR","Average_Price_per_Trim","Year_Effect","Mileage_Effect"
"1712650201-206","https://qatarsale.com/en/product/bmw_8_series_850i_blue_sedan_automatic_2019-204477","BMW","BMW-8-Series","BMW-BMW-8-Series-850i-8-Automatic","2019","205,000","31,000","265,173.8",29.3530536585379,"231,117.7",12.7403503902439,"2,020.143","34,333.33","283,571.43","-15,971.43","-2,426.24"
"1712650239-306","https://qatarsale.com/en/product/ford_f_150_silver_pick_up_automatic_2016-215357","Ford","Ford-F","Ford-Ford-F-150-6-Automatic","2016","73,000","87,000","87,321.94",19.619093533914,"111,152.5",52.2636529680365,"2,019.765","152,275.11","174,646.94","-95,237.39","7,912.383"
"1712650146-23","https://qatarsale.com/en/product/ford_raptor_svt_black_pick_up_automatic_2014-215164","Ford","Ford-Raptor","Ford-Ford-Raptor-SVT-8-Automatic","2014"," 48,000","286,000"," 71,714.93",49.4061111917543," 65,119.47",35.6655677083334,"2,015.909","196,686.75","124,272.73","-39,971.52","-12,586.271"
"1712650146-2","https://qatarsale.com/en/product/land_rover_range_rover_sport_svr_black_suv_automatic_2016-136302","Land Rover","Land Rover-Range Rover","Land Rover-Land Rover-Range Rover-Sport SVR-8-Automatic","2016","165,000"," 89,000","207,684.0",25.8690758835527,"187,717.2",13.7680000000001,"2,017.50","127,380.95","239,950.00","-43,986.51"," 11,720.48"
"1712650250-328","https://qatarsale.com/en/product/land_rover_range_rover_sport_svr_white_suv_automatic_2015-203178","Land Rover","Land Rover-Range Rover","Land Rover-Land Rover-Range Rover-Sport SVR-8-Automatic","2015","120,000","180,000","152,171.2",26.8092948349692,"132,612.6",10.5104695833333,"2,017.50","138,523.81","239,950.00","-76,962.70","-10,816.15"
"1712650157-62","https://qatarsale.com/en/product/land_rover_range_rover_velar_se_red_suv_automatic_2019-215180","Land Rover","Land Rover-Range Rover","Land Rover-Land Rover-Range Rover-Velar SE-4-Automatic","2019","150,000","22,000","166,124",10.7493333333333,"290,988.3",93.992195911111,"2,024.00","0.00","349,000.00","-174,500","-8,376"
"1712650227-283","https://qatarsale.com/en/product/land_rover_range_rover_vogue_bronze_suv_automatic_2016-189413","Land Rover","Land Rover-Range Rover","Land Rover-Land Rover-Range Rover-Vogue-8-Automatic","2016","139,000","64,000","160,162.7",15.2249567891693,"157,607.7",13.3868051079137,"2,015.683","125,936.36","142,975.59","  4,030.343","13,156.761"
"1712650146-29","https://qatarsale.com/en/product/land_rover_range_rover_vogue_autobiography_black_suv_automatic_2014-215154","Land Rover","Land Rover-Range Rover","Land Rover-Land Rover-Range Rover-Vogue  Autobiography-8-Automatic","2014","90,000","169,000","103,775.8",15.3064636826524,"117,698.6",30.7761811111111,"2,016.825","147,284.56","210,460.27","-102,770.5","-3,913.954"
"1712650227-259","https://qatarsale.com/en/product/lexus_lx_570_black_suv_automatic_2020-214974","Lexus","Lexus-LX","Lexus-Lexus-LX-570-8-Automatic","2020","    315"," 85,000","317,457.9",100680.278592951,"303,516.5",96254.455026455,"2,016.311"," 93,054.56","200,980.25","114,933.66","  1,543.965"
"1712650239-317","https://qatarsale.com/en/product/lexus_lx_570_s_white_suv_automatic_2018-215331","Lexus","Lexus-LX","Lexus-Lexus-LX-570 S-8-Automatic","2018","235,000"," 92,000","261,191.9",11.1454707837227,"259,070.8",10.2428790070922,"2,017.177","139,026.43","224,152.42"," 21,688.562"," 15,350.874"
"1712650146-24","https://qatarsale.com/en/product/mercedes_benz_cla_250_black_sedan_automatic_2023-215163","Mercedes-Benz","Mercedes-Benz-CLA","Mercedes-Benz-Mercedes-Benz-CLA-250-4-Automatic","2023","143,000","22,000","183,669.4",28.44016132423,"182,790",27.8251553379953,"2,021.125","17,091.84","149,249.94","38,292.83","-3,873.332"
"1712650157-64","https://qatarsale.com/en/product/mercedes_benz_s_class_400_white_sedan_automatic_2015-215179","Mercedes-Benz","Mercedes-Benz-S-Class","Mercedes-Benz-Mercedes-Benz-S-Class-400-6-Automatic","2015","100,000"," 66,000","127,591.7",27.5917450222236,"135,097.5",35.0975272714286,"2,014.955","123,306.67","113,909.09"," 3,655.492","10,027.1617"
"1712650157-69","https://qatarsale.com/en/product/mini_cooper_white_hatchback_automatic_2020-215176","Mini","Mini-Cooper","Mini-Mini-Cooper-Standard-4-Automatic","2020","62,000","67,000","86,353.69",39.2801454545462,"71,304.02",15.0064836021505,"2,019.32","44,333.33","81,120.00","8,931.818","-3,698.128"
"1712650189-157","https://qatarsale.com/en/product/nissan_patrol_platinum_white_suv_automatic_2016-215213","Nissan","Nissan-Patrol","Nissan-Nissan-Patrol-Platinum-8-Automatic","2016","79,000","165,000","105,804.61",33.92988029684,"101,961.25",29.064867389994,"2,016.032","161,629.65","109,031.74"," -1,790.903","-1,436.2300"
"1712650250-357","https://qatarsale.com/en/product/nissan_patrol_se_white_suv_automatic_2016-215004","Nissan","Nissan-Patrol","Nissan-Nissan-Patrol-SE-8-Automatic","2016"," 59,000","165,000"," 87,134.45",47.685515901933," 78,818.03",33.5898889346247,"2,015.86","194,245.68","85,254.00"," -1,373.529","3,253.983"
"1712650178-143","https://qatarsale.com/en/product/porsche_cayenne_gts_gray_suv_automatic_2014-188369","Porsche","Porsche-Cayenne","Porsche-Porsche-Cayenne-GTS-8-Automatic","2014","73,000","162,000","80,363.97",10.0876289531478,"80,464.35",10.2251320547945,"2,015.071","115,555.56","124,928.57","-36,895.99","-7,668.616"
"1712650146-3","https://qatarsale.com/en/product/toyota_land_cruiser_gx_white_suv_automatic_2019-215171","Toyota","Toyota-Land Cruiser","Toyota-Toyota-Land Cruiser-GX-6-Automatic","2019","118,000","130,000","158,292.9",34.1465044892577,"132,213.7",12.0455084745763,"2,022.194","141,427.630","212,786.34","-57,335.759","  2,842.291"
"1712650250-342","https://qatarsale.com/en/product/toyota_land_cruiser_vxr_pearl_suv_automatic_2016-208975","Toyota","Toyota-Land Cruiser","Toyota-Toyota-Land Cruiser-VXR-8-Automatic","2016","132,000","225,000","148,257.5",12.3163217886699,"159,185.4",20.595,"2,017.893","230,937.42","185,270.15","-37,234.639","    222.0352"
"1712650157-70","https://qatarsale.com/en/product/toyota_land_cruiser_vxr_white_suv_automatic_2015-215175","Toyota","Toyota-Land Cruiser","Toyota-Toyota-Land Cruiser-VXR-8-Automatic","2015","100,000","227,000","132,651.2",32.6511858226997,"113,760.3",13.7603333333333,"2,017.893","261,622.95","185,270.15","-59,007.441","  6,388.4783"
"1712650250-358","https://qatarsale.com/en/product/toyota_land_cruiser_vxs_black_suv_automatic_2016-215006","Toyota","Toyota-Land Cruiser","Toyota-Toyota-Land Cruiser-VXS-8-Automatic","2016","157,000","157,000","184,042.2",17.2243174914344,"184,261.7",17.3641401273886,"2,017.00","214,125.00","191,250.00","-21,875.64","14,667.82"
